family,name,mass_kgpm,h_mm,b_mm,tw_mm,tf_mm,r1_mm,r2_mm,d_mm,cw_tw_table,cf_tf_table,e0_cm,A_cm2,Iy_cm4,Wely_cm3,Wply_cm3,Avz_cm2,Iz_cm4,Welz_cm3,Wplz_cm3,source
IPE,IPE 80,6,80,46,3.8,5.2,5,,59.6,15.6842,3.09615,,7.64,80.1,20,23.2,3.58,8.49,3.69,5.8,ArcelorMittal Orange Book / EN 10365 geometry and section-property tables
IPE,IPE 100,8.1,100,55,4.1,5.7,7,,74.6,18.1951,3.23684,,10.3,171,34.2,39.4,5.08,15.9,5.79,9.2,ArcelorMittal Orange Book / EN 10365 geometry and section-property tables
IPE,IPE 120,10.4,120,64,4.4,6.3,7,,93.4,21.2273,3.61905,,13.2,318,53,60.7,6.31,27.7,8.65,13.6,ArcelorMittal Orange Book / EN 10365 geometry and section-property tables
IPE,IPE 140,12.9,140,73,4.7,6.9,7,,112.2,23.8723,3.93478,,16.4,541,77.3,88.3,7.64,44.9,12.3,19.3,ArcelorMittal Orange Book / EN 10365 geometry and section-property tables
IPE,IPE 160,15.8,160,82,5.0,7.4,9,,127.2,25.44,3.98649,,20.1,869,109,124,9.66,68.3,16.7,26.1,ArcelorMittal Orange Book / EN 10365 geometry and section-property tables
IPE,IPE 180,18.8,180,91,5.3,8.0,9,,146,27.5472,4.23125,,23.9,1317,146,166,11.3,101,22.2,34.6,ArcelorMittal Orange Book / EN 10365 geometry and section-property tables
IPE,IPE 200,22.4,200,100,5.6,8.5,12,,159,28.3929,4.14118,,28.5,1943,194,221,14.0,142,28.5,44.6,ArcelorMittal Orange Book / EN 10365 geometry and section-property tables
IPE,IPE 220,26.2,220,110,5.9,9.2,12,,177.6,30.1017,4.35326,,33.4,2772,252,285,15.9,205,37.3,58.1,ArcelorMittal Orange Book / EN 10365 geometry and section-property tables
IPE,IPE 240,30.7,240,120,6.2,9.8,15,,190.4,30.7097,4.27551,,39.1,3892,324,367,19.1,284,47.3,73.9,ArcelorMittal Orange Book / EN 10365 geometry and section-property tables
IPE,IPE 270,36.1,270,135,6.6,10.2,15,,219.6,33.2727,4.82353,,45.9,5790,429,484,22.1,420,62.2,97,ArcelorMittal Orange Book / EN 10365 geometry and section-property tables
IPE,IPE 300,42.2,300,150,7.1,10.7,15,,248.6,35.0141,5.2757,,53.8,8356,557,628,25.7,604,80.5,125,ArcelorMittal Orange Book / EN 10365 geometry and section-property tables
IPE,IPE 330,49.1,330,160,7.5,11.5,18,,271,36.1333,5.06522,,62.6,11770,713,804,30.8,788,98.5,154,ArcelorMittal Orange Book / EN 10365 geometry and section-property tables
IPE,IPE 360,57.1,360,170,8.0,12.7,18,,298.6,37.325,4.96063,,72.7,16270,904,1019,35.1,1043,123,191,ArcelorMittal Orange Book / EN 10365 geometry and section-property tables
IPE,IPE 400,66.3,400,180,8.6,13.5,21,,331,38.4884,4.79259,,84.5,23130,1160,1307,42.7,1318,146,229,ArcelorMittal Orange Book / EN 10365 geometry and section-property tables
IPE,IPE 450,77.6,450,190,9.4,14.6,21,,378.8,40.2979,4.74658,,98.8,33740,1500,1702,50.9,1676,176,276,ArcelorMittal Orange Book / EN 10365 geometry and section-property tables
IPE,IPE 500,90.7,500,200,10.2,16.0,21,,426,41.7647,4.61875,,116,48200,1930,2194,59.9,2142,214,336,ArcelorMittal Orange Book / EN 10365 geometry and section-property tables
IPE,IPE 550,106,550,210,11.1,17.2,24,,467.6,42.1261,4.38663,,134,67120,2440,2787,72.3,2668,254,401,ArcelorMittal Orange Book / EN 10365 geometry and section-property tables
IPE,IPE 600,122,600,220,12.0,19.0,24,,514,42.8333,4.21053,,156,92080,3070,3512,83.8,3387,308,486,ArcelorMittal Orange Book / EN 10365 geometry and section-property tables
HEA,HEA 100,16.7,96,100,5,8,12,,56,11.2,4.4375,,21.2,349.2,72.76,83.01,7.56,133.8,26.76,41.14,ArcelorMittal Orange Book / EN 10365 geometry and section-property tables
HEA,HEA 120,19.9,114,120,5,8,12,,74,14.8,5.6875,,25.3,606.2,106.3,119.5,8.46,230.9,38.48,58.85,ArcelorMittal Orange Book / EN 10365 geometry and section-property tables
HEA,HEA 140,24.7,133,140,5.5,8.5,12,,92,16.7273,6.5,,31.4,1033,155.4,173.5,10.12,389.3,55.62,84.85,ArcelorMittal Orange Book / EN 10365 geometry and section-property tables
HEA,HEA 160,30.4,152,160,6,9,15,,104,17.3333,6.88889,,38.8,1673,220.1,245.1,13.21,615.6,76.95,117.6,ArcelorMittal Orange Book / EN 10365 geometry and section-property tables
HEA,HEA 180,35.5,171,180,6,9.5,15,,122,20.3333,7.57895,,45.3,2510,293.6,324.9,14.47,924.6,102.7,156.5,ArcelorMittal Orange Book / EN 10365 geometry and section-property tables
HEA,HEA 200,42.3,190,200,6.5,10,18,,134,20.6154,7.875,,53.8,3692,388.6,429.5,18.08,1336,133.6,203.8,ArcelorMittal Orange Book / EN 10365 geometry and section-property tables
HEA,HEA 220,50.5,210,220,7,11,18,,152,21.7143,8.04545,,64.3,5410,515.2,568.5,20.67,1955,177.7,270.6,ArcelorMittal Orange Book / EN 10365 geometry and section-property tables
HEA,HEA 240,60.3,230,240,7.5,12,21,,164,21.8667,7.9375,,76.8,7763,675.1,744.6,25.18,2769,230.7,351.7,ArcelorMittal Orange Book / EN 10365 geometry and section-property tables
HEA,HEA 260,68.2,250,260,7.5,12.5,24,,177,23.6,8.18,,86.8,10450,836.4,919.8,28.76,3668,282.1,430.2,ArcelorMittal Orange Book / EN 10365 geometry and section-property tables
HEA,HEA 280,76.4,270,280,8,13,24,,196,24.5,8.61538,,97.3,13670,1013,1112,31.74,4763,340.2,518.1,ArcelorMittal Orange Book / EN 10365 geometry and section-property tables
HEA,HEA 300,88.3,290,300,8.5,14,27,,208,24.4706,8.48214,,112.5,18260,1260,1383,37.28,6310,420.6,641.2,ArcelorMittal Orange Book / EN 10365 geometry and section-property tables
HEA,HEA 320,97.6,310,300,9,15.5,27,,225,25,7.64516,,124.4,22930,1479,1628,41.13,6985,465.7,709.7,ArcelorMittal Orange Book / EN 10365 geometry and section-property tables
HEA,HEA 340,105,330,300,9.5,16.5,27,,243,25.5789,7.16667,,133.5,27690,1678,1850,44.95,7436,495.7,755.9,ArcelorMittal Orange Book / EN 10365 geometry and section-property tables
HEA,HEA 360,112,350,300,10,17.5,27,,261,26.1,6.74286,,142.8,33090,1891,2088,48.96,7887,525.8,802.3,ArcelorMittal Orange Book / EN 10365 geometry and section-property tables
HEA,HEA 400,125,390,300,11,19,27,,298,27.0909,6.18421,,159,45070,2311,2562,57.33,8564,570.9,872.9,ArcelorMittal Orange Book / EN 10365 geometry and section-property tables
HEA,HEA 450,140,440,300,11.5,21,27,,344,29.913,5.58333,,178,63720,2896,3216,65.78,9465,631,965.5,ArcelorMittal Orange Book / EN 10365 geometry and section-property tables
HEA,HEA 500,155,490,300,12,23,27,,390,32.5,5.08696,,197.5,86970,3550,3949,74.72,10370,691.1,1059,ArcelorMittal Orange Book / EN 10365 geometry and section-property tables
HEA,HEA 550,166,540,300,12.5,24,27,,438,35.04,4.86458,,211.8,111900,4146,4622,83.72,10820,721.3,1107,ArcelorMittal Orange Book / EN 10365 geometry and section-property tables
HEA,HEA 600,178,590,300,13,25,27,,486,37.3846,4.66,,226.5,141200,4787,5350,93.21,11270,751.4,1156,ArcelorMittal Orange Book / EN 10365 geometry and section-property tables
HEB,HEB 100,20.4,100,100,6,10,12,,56,9.33333,3.5,,26,449.5,89.91,104.2,9.04,167.3,33.45,51.42,ArcelorMittal Orange Book / EN 10365 geometry and section-property tables
HEB,HEB 120,26.7,120,120,6.5,11,12,,74,11.3846,4.06818,,34,864.4,144.1,165.2,10.96,317.5,52.92,80.97,ArcelorMittal Orange Book / EN 10365 geometry and section-property tables
HEB,HEB 140,33.7,140,140,7,12,12,,92,13.1429,4.54167,,43,1509,215.6,245.4,13.08,549.7,78.52,119.8,ArcelorMittal Orange Book / EN 10365 geometry and section-property tables
HEB,HEB 160,42.6,160,160,8,13,15,,104,13,4.69231,,54.3,2492,311.5,354,17.59,889.2,111.2,170,ArcelorMittal Orange Book / EN 10365 geometry and section-property tables
HEB,HEB 180,51.2,180,180,8.5,14,15,,122,14.3529,5.05357,,65.3,3831,425.7,481.4,20.24,1363,151.4,231,ArcelorMittal Orange Book / EN 10365 geometry and section-property tables
HEB,HEB 200,61.3,200,200,9,15,18,,134,14.8889,5.16667,,78.1,5696,569.6,642.5,24.83,2003,200.3,305.8,ArcelorMittal Orange Book / EN 10365 geometry and section-property tables
HEB,HEB 220,71.5,220,220,9.5,16,18,,152,16,5.45312,,91,8091,735.5,827,27.92,2843,258.5,393.9,ArcelorMittal Orange Book / EN 10365 geometry and section-property tables
HEB,HEB 240,83.2,240,240,10,17,21,,164,16.4,5.52941,,106,11260,938.3,1053,33.23,3923,326.9,498.4,ArcelorMittal Orange Book / EN 10365 geometry and section-property tables
HEB,HEB 260,93,260,260,10,17.5,24,,177,17.7,5.77143,,118.4,14920,1148,1283,37.59,5135,395,602.2,ArcelorMittal Orange Book / EN 10365 geometry and section-property tables
HEB,HEB 280,103,280,280,10.5,18,24,,196,18.6667,6.15278,,131.4,19270,1376,1534,41.09,6595,471,717.6,ArcelorMittal Orange Book / EN 10365 geometry and section-property tables
HEB,HEB 300,117,300,300,11,19,27,,208,18.9091,6.18421,,149.1,25170,1678,1869,47.43,8563,570.9,870.1,ArcelorMittal Orange Book / EN 10365 geometry and section-property tables
HEB,HEB 320,127,320,300,11.5,20.5,27,,225,19.5652,5.71951,,161.3,30820,1926,2149,51.77,9239,615.9,939.1,ArcelorMittal Orange Book / EN 10365 geometry and section-property tables
HEB,HEB 340,134,340,300,12,21.5,27,,243,20.25,5.44186,,170.9,36660,2156,2408,56.09,9690,646,985.7,ArcelorMittal Orange Book / EN 10365 geometry and section-property tables
HEB,HEB 360,142,360,300,12.5,22.5,27,,261,20.88,5.18889,,180.6,43190,2400,2683,60.6,10140,676.1,1032,ArcelorMittal Orange Book / EN 10365 geometry and section-property tables
HEB,HEB 400,155,400,300,13.5,24,27,,298,22.0741,4.84375,,197.8,57680,2884,3232,69.98,10820,721.3,1104,ArcelorMittal Orange Book / EN 10365 geometry and section-property tables
HEB,HEB 450,171,450,300,14,26,27,,344,24.5714,4.46154,,218,79890,3551,3982,79.66,11720,781.4,1198,ArcelorMittal Orange Book / EN 10365 geometry and section-property tables
HEB,HEB 500,187,500,300,14.5,28,27,,390,26.8966,4.13393,,238.6,107200,4287,4815,89.82,12620,841.6,1292,ArcelorMittal Orange Book / EN 10365 geometry and section-property tables
HEB,HEB 550,199,550,300,15,29,27,,438,29.2,3.98276,,254.1,136700,4971,5591,100.1,13080,871.8,1341,ArcelorMittal Orange Book / EN 10365 geometry and section-property tables
HEB,HEB 600,212,600,300,15.5,30,27,,486,31.3548,3.84167,,270,171000,5701,6425,110.8,13530,902,1391,ArcelorMittal Orange Book / EN 10365 geometry and section-property tables
HEM,HEM 100,41.8,120,106,12,20,12,,56,4.66667,1.75,,53.2,1143,190.4,235.8,18.04,399.2,75.31,116.3,ArcelorMittal Orange Book / EN 10365 geometry and section-property tables
HEM,HEM 120,52.1,140,126,12.5,21,12,,74,5.92,2.13095,,66.4,2018,288.2,350.6,21.15,702.8,111.6,171.6,ArcelorMittal Orange Book / EN 10365 geometry and section-property tables
HEM,HEM 140,63.2,160,146,13,22,12,,92,7.07692,2.47727,,80.6,3291,411.4,493.8,24.46,1144,156.8,240.5,ArcelorMittal Orange Book / EN 10365 geometry and section-property tables
HEM,HEM 160,76.2,180,166,14,23,15,,104,7.42857,2.65217,,97.1,5098,566.5,674.6,30.81,1759,211.9,325.5,ArcelorMittal Orange Book / EN 10365 geometry and section-property tables
HEM,HEM 180,88.9,200,186,14.5,24,15,,122,8.41379,2.94792,,113.3,7483,748.3,883.4,34.65,2580,277.4,425.2,ArcelorMittal Orange Book / EN 10365 geometry and section-property tables
HEM,HEM 200,103,220,206,15,25,18,,134,8.93333,3.1,,131.3,10640,967.4,1135,41.03,3651,354.5,543.2,ArcelorMittal Orange Book / EN 10365 geometry and section-property tables
HEM,HEM 220,117,240,226,15.5,26,18,,152,9.80645,3.35577,,149.4,14600,1217,1419,45.31,5012,443.5,678.6,ArcelorMittal Orange Book / EN 10365 geometry and section-property tables
HEM,HEM 240,157,270,248,18,32,21,,164,9.11111,2.9375,,199.6,24290,1799,2117,60.07,8153,657.5,1006,ArcelorMittal Orange Book / EN 10365 geometry and section-property tables
HEM,HEM 260,172,290,268,18,32.5,24,,177,9.83333,3.10769,,219.6,31310,2159,2524,66.89,10450,779.7,1192,ArcelorMittal Orange Book / EN 10365 geometry and section-property tables
HEM,HEM 280,189,310,288,18.5,33,24,,196,10.5946,3.35606,,240.2,39550,2551,2966,72.03,13160,914.1,1397,ArcelorMittal Orange Book / EN 10365 geometry and section-property tables
HEM,HEM 300,238,340,310,21,39,27,,208,9.90476,3.01282,,303.1,59200,3482,4078,90.53,19400,1252,1913,ArcelorMittal Orange Book / EN 10365 geometry and section-property tables
HEM,HEM 320,245,359,309,21,40,27,,225,10.7143,2.925,,312.0,68130,3796,4435,94.85,19710,1276,1951,ArcelorMittal Orange Book / EN 10365 geometry and section-property tables
HEM,HEM 340,248,377,309,21,40,27,,243,11.5714,2.925,,315.8,76370,4052,4718,98.63,19710,1276,1953,ArcelorMittal Orange Book / EN 10365 geometry and section-property tables
HEM,HEM 360,250,395,308,21,40,27,,261,12.4286,2.9125,,318.8,84870,4297,4989,102.4,19520,1268,1942,ArcelorMittal Orange Book / EN 10365 geometry and section-property tables
HEM,HEM 400,256,432,307,21,40,27,,298,14.1905,2.9,,325.8,104100,4820,5571,110.2,19340,1260,1934,ArcelorMittal Orange Book / EN 10365 geometry and section-property tables
HEM,HEM 450,263,478,307,21,40,27,,344,16.381,2.9,,335.4,131500,5501,6331,119.8,19340,1260,1939,ArcelorMittal Orange Book / EN 10365 geometry and section-property tables
HEM,HEM 500,270,524,306,21,40,27,,390,18.5714,2.8875,,344.3,161900,6180,7094,129.5,19150,1252,1932,ArcelorMittal Orange Book / EN 10365 geometry and section-property tables
HEM,HEM 550,278,572,306,21,40,27,,438,20.8571,2.8875,,354.4,198000,6923,7933,139.6,19160,1252,1937,ArcelorMittal Orange Book / EN 10365 geometry and section-property tables
HEM,HEM 600,285,620,305,21,40,27,,486,23.1429,2.875,,363.7,237400,7660,8772,149.7,18980,1244,1930,ArcelorMittal Orange Book / EN 10365 geometry and section-property tables
UPN,UPN 50,5.59,50,38,5,7,7,3.5,21,4.2,4.74,1.35,7.12,26.4,10.6,13.1,2.77,9.12,3.75,6.78,ArcelorMittal Orange Book / EN 10365 geometry and section-property tables
UPN,UPN 65,7.09,65,42,5.5,7.5,7.5,4.0,34,6.18,4.98,1.46,9.03,57.5,17.7,21.7,3.68,14.1,5.07,9.38,ArcelorMittal Orange Book / EN 10365 geometry and section-property tables
UPN,UPN 80,8.64,80,45,6,8,8,4.0,47,7.83,5,1.52,11.0,106,26.5,32.3,4.9,19.4,6.36,11.9,ArcelorMittal Orange Book / EN 10365 geometry and section-property tables
UPN,UPN 100,10.6,100,50,6,8.5,8.5,4.5,64,10.7,5.46,1.68,13.5,206,41.2,49,6.46,29.3,8.49,16.2,ArcelorMittal Orange Book / EN 10365 geometry and section-property tables
UPN,UPN 120,13.4,120,55,7,9,9,4.5,82,11.7,5.74,1.78,17.0,364,60.7,72.6,8.8,43.2,11.1,21.2,ArcelorMittal Orange Book / EN 10365 geometry and section-property tables
UPN,UPN 140,16,140,60,7,10,10,5.0,98,14,5.66,1.97,20.4,605,86.4,103,10.4,62.7,14.8,28.3,ArcelorMittal Orange Book / EN 10365 geometry and section-property tables
UPN,UPN 160,18.8,160,65,7.5,10.5,10.5,5.5,115,15.3,5.95,2.1,24.0,925,116,138,12.6,85.3,18.3,35.2,ArcelorMittal Orange Book / EN 10365 geometry and section-property tables
UPN,UPN 180,22,180,70,8,11,11,5.5,133,16.6,6.22,2.23,28.0,1350,150,179,15.1,114,22.4,42.9,ArcelorMittal Orange Book / EN 10365 geometry and section-property tables
UPN,UPN 200,25.3,200,75,8.5,11.5,11.5,6.0,151,17.8,6.47,2.36,32.2,1910,191,228,17.7,148,27.0,51.8,ArcelorMittal Orange Book / EN 10365 geometry and section-property tables
UPN,UPN 220,29.4,220,80,9,12.5,12.5,6.5,167,18.6,6.29,2.51,37.4,2690,245,292,20.6,197,33.6,64.1,ArcelorMittal Orange Book / EN 10365 geometry and section-property tables
UPN,UPN 240,33.2,240,85,9.5,13,13,6.5,184,19.4,6.51,2.64,42.3,3600,300,358,23.7,248,39.6,75.7,ArcelorMittal Orange Book / EN 10365 geometry and section-property tables
UPN,UPN 280,41.8,280,95,10,15,15,7.5,216,21.6,6.25,2.99,53.3,6280,448,532,29.3,399,57.2,109,ArcelorMittal Orange Book / EN 10365 geometry and section-property tables
UPN,UPN 300,46.2,300,100,10,16,16,8.0,232,23.2,6.17,3.21,58.8,8030,535,632,31.8,495,67.8,130,ArcelorMittal Orange Book / EN 10365 geometry and section-property tables
UPN,UPN 320,59.5,320,100,14,17.5,17.5,9.0,246,17.6,4.46,2.92,75.8,10870,679,826,47.1,597,80.6,152,ArcelorMittal Orange Book / EN 10365 geometry and section-property tables
UPN,UPN 350,60.6,350,100,14,16,16,8.0,282,20.1,5.05,2.75,77.3,12840,734,918,50.8,570,75,143,ArcelorMittal Orange Book / EN 10365 geometry and section-property tables
UPN,UPN 380,63.1,380,102,13.5,16,16,8.0,313,23.2,5.26,2.88,80.4,15760,829,1010,53.2,615,78.7,148,ArcelorMittal Orange Book / EN 10365 geometry and section-property tables
UPN,UPN 400,71.8,400,110,14,18,18,9.0,324,23.1,5,3.16,91.5,20350,1020,1240,58.6,846,102,190,ArcelorMittal Orange Book / EN 10365 geometry and section-property tables
UPE,UPE 80,7.9,80,50,4,7,10,,46,11.5,5.14,2.01,10.1,107,26.8,31.2,4.05,25.5,8,14.3,ArcelorMittal Orange Book / EN 10365 geometry and section-property tables
UPE,UPE 100,9.82,100,55,4.5,7.5,10,,65,14.4,5.4,2.16,12.5,207,41.4,48,5.34,38.3,10.6,19.3,ArcelorMittal Orange Book / EN 10365 geometry and section-property tables
UPE,UPE 120,12.1,120,60,5,8,12,,80,16,5.38,2.28,15.4,364,60.6,70.3,7.18,55.5,13.8,25.3,ArcelorMittal Orange Book / EN 10365 geometry and section-property tables
UPE,UPE 140,14.5,140,65,5,9,12,,98,19.6,5.33,2.51,18.4,600,85.6,98.8,8.25,78.8,18.2,33.2,ArcelorMittal Orange Book / EN 10365 geometry and section-property tables
UPE,UPE 160,17,160,70,5.5,9.5,12,,117,21.3,5.53,2.67,21.7,911,114,132,10.0,107,22.6,41.5,ArcelorMittal Orange Book / EN 10365 geometry and section-property tables
UPE,UPE 180,19.7,180,75,5.5,10.5,12,,135,24.5,5.48,2.92,25.1,1350,150,173,11.2,144,28.6,52.3,ArcelorMittal Orange Book / EN 10365 geometry and section-property tables
UPE,UPE 200,22.8,200,80,6,11,13,,152,25.3,5.55,3.05,29.0,1910,191,220,13.5,187,34.5,63.3,ArcelorMittal Orange Book / EN 10365 geometry and section-property tables
UPE,UPE 220,26.6,220,85,6.5,12,13,,170,26.2,5.46,3.24,33.9,2680,244,281,15.8,247,42.5,78.2,ArcelorMittal Orange Book / EN 10365 geometry and section-property tables
UPE,UPE 240,30.2,240,90,7,12.5,15,,185,26.4,5.44,3.36,38.5,3600,300,347,18.8,311,50.1,92.2,ArcelorMittal Orange Book / EN 10365 geometry and section-property tables
UPE,UPE 270,35.2,270,95,7.5,13.5,15,,213,28.4,5.37,3.52,44.8,5250,389,451,22.2,401,60.7,112,ArcelorMittal Orange Book / EN 10365 geometry and section-property tables
UPE,UPE 300,44.4,300,100,9.5,15,15,,240,25.3,5.03,3.53,56.6,7820,522,613,30.3,538,75.6,137,ArcelorMittal Orange Book / EN 10365 geometry and section-property tables
UPE,UPE 330,53.2,330,105,11,16,18,,262,23.8,4.75,3.55,67.8,11010,667,792,38.8,681,89.7,156,ArcelorMittal Orange Book / EN 10365 geometry and section-property tables
UPE,UPE 360,61.2,360,110,12,17,18,,290,24.2,4.71,3.65,77.9,14830,824,982,45.6,844,105,178,ArcelorMittal Orange Book / EN 10365 geometry and section-property tables
UPE,UPE 400,72.2,400,115,13.5,18,18,,328,24.3,4.64,3.67,91.9,20980,1050,1260,56.2,1045,123,191,ArcelorMittal Orange Book / EN 10365 geometry and section-property tables
